{"image":"images/tour-template-1/panorama-2","defaultRotation":{"x":3.7245533551216927,"y":0.035084399503780395}}
