{"image":"images/tour-template-1/panorama-1","defaultRotation":{"x":3.5246455480292176,"y":0.048605863999349026}}
